{
    "0": {
        "params": {
            "kmin": 9,
            "kmax": 27,
            "C": 6.457856994137379
        },
        "accuracy": 0.595
    },
    "1": {
        "params": {
            "kmin": 17,
            "kmax": 30,
            "C": 5.195110845295826
        },
        "accuracy": 0.6416666666666666
    },
    "2": {
        "params": {
            "kmin": 24,
            "kmax": 22,
            "C": 72.9806356717789
        },
        "accuracy": 0.0
    }
}