{
    "C": [0.8792187697251428,1.9114843870302862,2],
    "tol": [1e-5,1e-5,1e-5],
    "kmin": [6,4,5],
    "kmax": [18,31,15],
    "submit": true,
    "output": "submit4.csv"
}